# File Name: Run_428277102.eds,,,,,,,,,,,,,,,,,,,,,,,,
# Comment: ,,,,,,,,,,,,,,,,,,,,,,,,
# Operator: RemoteUser,,,,,,,,,,,,,,,,,,,,,,,,
# Barcode: C3C01IO4,,,,,,,,,,,,,,,,,,,,,,,,
# Instrument Type: QuantStudioâ„¢ 7 Pro System,,,,,,,,,,,,,,,,,,,,,,,,
# Block Type: 384-Well Block,,,,,,,,,,,,,,,,,,,,,,,,
# Instrument Name: QS7Pro-2778721020029,,,,,,,,,,,,,,,,,,,,,,,,
# Instrument Serial Number: 2778721020029,,,,,,,,,,,,,,,,,,,,,,,,
# Heated Cover Serial Number: ,,,,,,,,,,,,,,,,,,,,,,,,
# Block serial number: ,,,,,,,,,,,,,,,,,,,,,,,,
# Run Start Date/Time: 2024-02-12 09:52:38 PM UTC,,,,,,,,,,,,,,,,,,,,,,,,
# Run End Data/Time: 2024-02-12 11:30:22 PM UTC,,,,,,,,,,,,,,,,,,,,,,,,
# Run Duration: 97 minutes 43 seconds,,,,,,,,,,,,,,,,,,,,,,,,
# Sample Volume: 10.0,,,,,,,,,,,,,,,,,,,,,,,,
# Cover Temperature: 105.0,,,,,,,,,,,,,,,,,,,,,,,,
# Passive Reference: ROX,,,,,,,,,,,,,,,,,,,,,,,,
# PCR Stage/Step Number: Stage 2 Step 2,,,,,,,,,,,,,,,,,,,,,,,,
# Melt Stage Number: 3,,,,,,,,,,,,,,,,,,,,,,,,
# Quantification Cycle Method: CT,,,,,,,,,,,,,,,,,,,,,,,,
# Analysis Date/Time: 2024-02-13 06:45:43 PM UTC,,,,,,,,,,,,,,,,,,,,,,,,
# Software Name and Version: Design & Analysis Software v2.7.0,,,,,,,,,,,,,,,,,,,,,,,,
# Plugin Name and Version: Primary Analysis v1.8.0, Standard Curve v1.7.0,,,,,,,,,,,,,,,,,,,,,,,
# Reduce dye signal crosstalk by algorithm: No (Default),,,,,,,,,,,,,,,,,,,,,,,,
# Exported By: guest,,,,,,,,,,,,,,,,,,,,,,,,
# Exported On: 2024-02-13 06:46:04 PM UTC,,,,,,,,,,,,,,,,,,,,,,,,
Well,Well Position,Omit,Sample,Target,Task,Reporter,Quencher,Amp Status,Amp Score,Curve Quality,Result Quality Issues,Cq,Cq Confidence,Cq Mean,Cq SD,Auto Threshold,Threshold,Auto Baseline,Baseline Start,Baseline End,Tm1,Tm2,Tm3,Tm4
1,A1,FALSE,s01,1,UNKNOWN,SYBR,None,INCONCLUSIVE,1.17167645,,,22.38276809,0.604583208,22.35763606,0.201685517,FALSE,0.17300691,TRUE,3,17,81.25738525,,,
2,A2,FALSE,s01,1,UNKNOWN,SYBR,None,AMP,1.193405721,,,22.14456235,0.638159081,22.35763606,0.201685517,FALSE,0.17300691,TRUE,3,17,80.9916687,,,
3,A3,FALSE,s01,1,UNKNOWN,SYBR,None,AMP,1.164002549,,,22.54557773,0.58890612,22.35763606,0.201685517,FALSE,0.17300691,TRUE,3,18,81.25738525,,,
4,A4,FALSE,s17,1,UNKNOWN,SYBR,None,NO_AMP,0,,,UNDETERMINED,0,,,FALSE,0.17300691,TRUE,3,39,88.03301239,83.78163147,79.3973999,73.95033264
5,A5,FALSE,s17,1,UNKNOWN,SYBR,None,NO_AMP,0,,,UNDETERMINED,0,,,FALSE,0.17300691,TRUE,3,39,76.85406494,80.43715668,83.75482178,71.54579926
6,A6,FALSE,s17,1,UNKNOWN,SYBR,None,AMP,1.073137539,,,37.24113127,0.939969816,37.24113127,,FALSE,0.17300691,TRUE,3,32,75.26158905,87.07249451,89.85934448,
7,A7,FALSE,s01,2,UNKNOWN,SYBR,None,AMP,1.520828808,,,22.66209115,0.994587302,22.57449825,0.081748449,TRUE,0.188827771,TRUE,3,18,80.30444336,,,
8,A8,FALSE,s01,2,UNKNOWN,SYBR,None,AMP,1.532976758,,,22.50023179,0.994935905,22.57449825,0.081748449,TRUE,0.188827771,TRUE,3,17,80.30444336,,,
9,A9,FALSE,s01,2,UNKNOWN,SYBR,None,AMP,1.535789755,,,22.5611718,0.993338251,22.57449825,0.081748449,TRUE,0.188827771,TRUE,3,17,80.46121979,,,
10,A10,FALSE,s17,2,UNKNOWN,SYBR,None,AMP,1.418533329,,,35.4326454,0.98918051,33.04103717,2.090381299,TRUE,0.188827771,TRUE,3,30,80.72694397,,,
11,A11,FALSE,s17,2,UNKNOWN,SYBR,None,AMP,1.538504083,,,32.12781313,0.989331686,33.04103717,2.090381299,TRUE,0.188827771,TRUE,3,26,80.59408569,,,
12,A12,FALSE,s17,2,UNKNOWN,SYBR,None,AMP,1.52658036,,,31.56265296,0.994439786,33.04103717,2.090381299,TRUE,0.188827771,TRUE,3,27,80.59408569,,,
13,A13,FALSE,s01,3,UNKNOWN,SYBR,None,AMP,1.416771372,,,20.24103759,0.854431658,20.12984865,0.129572367,FALSE,0.262104114,TRUE,3,14,79.12185669,,,
14,A14,FALSE,s01,3,UNKNOWN,SYBR,None,AMP,1.41191003,,,19.98755491,0.824238127,20.12984865,0.129572367,FALSE,0.262104114,TRUE,3,15,79.12185669,,,
15,A15,FALSE,s01,3,UNKNOWN,SYBR,None,AMP,1.373607125,,,20.16095344,0.749008738,20.12984865,0.129572367,FALSE,0.262104114,TRUE,3,12,79.12185669,,,
16,A16,FALSE,s17,3,UNKNOWN,SYBR,None,AMP,1.37896047,,,32.73994791,0.981833578,32.65249153,0.083815336,FALSE,0.262104114,TRUE,3,25,79.38743591,,,
17,A17,FALSE,s17,3,UNKNOWN,SYBR,None,AMP,1.363891115,,,32.572867,0.986288932,32.65249153,0.083815336,FALSE,0.262104114,TRUE,3,28,79.52139282,,,
18,A18,FALSE,s17,3,UNKNOWN,SYBR,None,AMP,1.384720127,,,32.64465968,0.983848253,32.65249153,0.083815336,FALSE,0.262104114,TRUE,3,27,79.38859558,,,
19,A19,FALSE,s01,4,UNKNOWN,SYBR,None,AMP,1.49753846,,,23.38556241,0.986292192,23.46053077,0.065147407,TRUE,0.27736732,TRUE,3,18,81.64614105,,,
20,A20,FALSE,s01,4,UNKNOWN,SYBR,None,AMP,1.487763663,,,23.50339944,0.992040905,23.46053077,0.065147407,TRUE,0.27736732,TRUE,3,17,81.64614105,,,
21,A21,FALSE,s01,4,UNKNOWN,SYBR,None,AMP,1.477877369,,,23.49263048,0.993424691,23.46053077,0.065147407,TRUE,0.27736732,TRUE,3,18,81.64151764,,,
22,A22,FALSE,s17,4,UNKNOWN,SYBR,None,AMP,1.492957492,,,27.95825215,0.989320794,27.89295164,0.08137696,TRUE,0.27736732,TRUE,3,23,81.77428436,,,
23,A23,FALSE,s17,4,UNKNOWN,SYBR,None,AMP,1.453149244,,,27.91881712,0.965097018,27.89295164,0.08137696,TRUE,0.27736732,TRUE,3,22,81.77428436,75.93245697,,
24,A24,FALSE,s17,4,UNKNOWN,SYBR,None,AMP,1.427335541,,,27.80178564,0.962557053,27.89295164,0.08137696,TRUE,0.27736732,TRUE,3,22,81.90705872,,,
25,B1,FALSE,s02,1,UNKNOWN,SYBR,None,AMP,1.171757053,,,22.39188177,0.610333432,22.27785823,0.114777621,FALSE,0.17300691,TRUE,3,17,80.9916687,,,
26,B2,FALSE,s02,1,UNKNOWN,SYBR,None,AMP,1.184436973,,,22.16234111,0.640223064,22.27785823,0.114777621,FALSE,0.17300691,TRUE,3,18,80.9916687,,,
27,B3,FALSE,s02,1,UNKNOWN,SYBR,None,AMP,1.173841582,,,22.27935181,0.601794826,22.27785823,0.114777621,FALSE,0.17300691,TRUE,3,16,80.9916687,,,
28,B4,FALSE,s18,1,UNKNOWN,SYBR,None,NO_AMP,0,,,UNDETERMINED,0,,,FALSE,0.17300691,TRUE,3,39,89.76013184,92.81581116,69.30038452,82.85164642
29,B5,FALSE,s18,1,UNKNOWN,SYBR,None,NO_AMP,0.368668004,,,UNDETERMINED,0,,,FALSE,0.17300691,TRUE,3,39,85.21459961,81.76422119,92.6461792,88.66497803
30,B6,FALSE,s18,1,UNKNOWN,SYBR,None,NO_AMP,0,,,UNDETERMINED,0,,,FALSE,0.17300691,TRUE,3,39,85.3473053,89.99205017,73.13827515,78.71196747
31,B7,FALSE,s02,2,UNKNOWN,SYBR,None,AMP,1.518737312,,,22.41912507,0.993889997,22.32308398,0.098469648,TRUE,0.188827771,TRUE,3,17,80.17173767,,,
32,B8,FALSE,s02,2,UNKNOWN,SYBR,None,AMP,1.517909018,,,22.22235335,0.991750699,22.32308398,0.098469648,TRUE,0.188827771,TRUE,3,17,80.17173767,,,
33,B9,FALSE,s02,2,UNKNOWN,SYBR,None,AMP,1.526929639,,,22.32777354,0.994479365,22.32308398,0.098469648,TRUE,0.188827771,TRUE,3,17,80.32835388,,,
34,B10,FALSE,s18,2,UNKNOWN,SYBR,None,NO_AMP,0,,,UNDETERMINED,0,,,TRUE,0.188827771,TRUE,3,39,88.1672821,91.75457764,76.20960236,83.91566467
35,B11,FALSE,s18,2,UNKNOWN,SYBR,None,NO_AMP,0,,,UNDETERMINED,0,,,TRUE,0.188827771,TRUE,3,39,89.76163483,84.04852295,86.83864594,78.06968689
36,B12,FALSE,s18,2,UNKNOWN,SYBR,None,NO_AMP,0,,,UNDETERMINED,0,,,TRUE,0.188827771,TRUE,3,39,87.23723602,90.82453918,82.98561859,69.16785431
37,B13,FALSE,s02,3,UNKNOWN,SYBR,None,AMP,1.433446157,,,19.9392422,0.902438632,20.14554607,0.193117564,FALSE,0.262104114,TRUE,3,14,78.98906708,,,
38,B14,FALSE,s02,3,UNKNOWN,SYBR,None,AMP,1.359703742,,,20.17539432,0.731084435,20.14554607,0.193117564,FALSE,0.262104114,TRUE,3,14,78.98906708,,,
39,B15,FALSE,s02,3,UNKNOWN,SYBR,None,AMP,1.360720851,,,20.32200168,0.730906043,20.14554607,0.193117564,FALSE,0.262104114,TRUE,3,15,79.12185669,,,
40,B16,FALSE,s18,3,UNKNOWN,SYBR,None,AMP,1.477920465,,,34.62439549,0.983339556,34.62439549,,FALSE,0.262104114,TRUE,3,27,75.00540924,,,
41,B17,FALSE,s18,3,UNKNOWN,SYBR,None,NO_AMP,0,,,UNDETERMINED,0,,,FALSE,0.262104114,TRUE,3,39,89.21554565,86.29402161,73.41275024,75.93588257
42,B18,FALSE,s18,3,UNKNOWN,SYBR,None,NO_AMP,0,,,UNDETERMINED,0,,,FALSE,0.262104114,TRUE,3,39,74.34233093,83.10690308,77.52944946,86.29402161
43,B19,FALSE,s02,4,UNKNOWN,SYBR,None,AMP,1.492360842,,,23.34303343,0.994176635,23.38170421,0.038729549,TRUE,0.27736732,TRUE,3,19,81.51334381,,,
44,B20,FALSE,s02,4,UNKNOWN,SYBR,None,AMP,1.472677399,,,23.38158693,0.994764025,23.38170421,0.038729549,TRUE,0.27736732,TRUE,3,18,81.51334381,,,
45,B21,FALSE,s02,4,UNKNOWN,SYBR,None,AMP,1.471542172,,,23.42049226,0.991205228,23.38170421,0.038729549,TRUE,0.27736732,TRUE,3,19,81.50875092,,,
46,B22,FALSE,s18,4,UNKNOWN,SYBR,None,AMP,1.477604462,,,27.26644487,0.981998454,27.68493824,0.5255609,TRUE,0.27736732,TRUE,3,23,81.64151764,75.66691589,,
47,B23,FALSE,s18,4,UNKNOWN,SYBR,None,AMP,1.454491296,,,27.51357785,0.960945021,27.68493824,0.5255609,TRUE,0.27736732,TRUE,3,22,81.64151764,,,
48,B24,FALSE,s18,4,UNKNOWN,SYBR,None,AMP,1.365122966,,,28.27479198,0.927984618,27.68493824,0.5255609,TRUE,0.27736732,TRUE,3,23,81.90705872,,,
49,C1,FALSE,s03,1,UNKNOWN,SYBR,None,AMP,1.189291826,,,22.20239639,0.630759832,22.42468474,0.203671556,FALSE,0.17300691,TRUE,3,16,80.85881042,,,
50,C2,FALSE,s03,1,UNKNOWN,SYBR,None,AMP,1.168428774,,,22.46932313,0.61979169,22.42468474,0.203671556,FALSE,0.17300691,TRUE,3,17,80.85881042,,,
51,C3,FALSE,s03,1,UNKNOWN,SYBR,None,AMP,1.173727049,,,22.6023347,0.634723863,22.42468474,0.203671556,FALSE,0.17300691,TRUE,3,17,80.85881042,,,
52,C4,FALSE,s19,1,UNKNOWN,SYBR,None,AMP,1.44565032,,,33.39477458,0.983784006,34.16127894,1.219713136,FALSE,0.17300691,TRUE,3,27,75.14602661,,,
53,C5,FALSE,s19,1,UNKNOWN,SYBR,None,AMP,1.275318245,,,35.56778741,0.963013649,34.16127894,1.219713136,FALSE,0.17300691,TRUE,3,31,74.99617004,79.50820923,,
54,C6,FALSE,s19,1,UNKNOWN,SYBR,None,AMP,1.454188742,,,33.52127484,0.984178389,34.16127894,1.219713136,FALSE,0.17300691,TRUE,3,28,76.72135925,,,
55,C7,FALSE,s03,2,UNKNOWN,SYBR,None,AMP,1.512983357,,,22.66507122,0.994848366,22.60150779,0.090035332,TRUE,0.188827771,TRUE,3,18,80.17173767,,,
56,C8,FALSE,s03,2,UNKNOWN,SYBR,None,AMP,1.523944582,,,22.49847912,0.995793165,22.60150779,0.090035332,TRUE,0.188827771,TRUE,3,17,80.17173767,,,
57,C9,FALSE,s03,2,UNKNOWN,SYBR,None,AMP,1.523720684,,,22.64097304,0.993004855,22.60150779,0.090035332,TRUE,0.188827771,TRUE,3,18,80.19549561,,,
58,C10,FALSE,s19,2,UNKNOWN,SYBR,None,NO_AMP,0,,,UNDETERMINED,0,,,TRUE,0.188827771,TRUE,3,39,87.63582611,79.79690552,75.41242218,72.0908432
59,C11,FALSE,s19,2,UNKNOWN,SYBR,None,AMP,1.330069186,,,36.09107666,0.967517433,33.92091496,3.069072111,TRUE,0.188827771,TRUE,3,31,75.41242218,88.43300629,,
60,C12,FALSE,s19,2,UNKNOWN,SYBR,None,AMP,1.66344849,,,31.75075326,0.991201004,33.92091496,3.069072111,TRUE,0.188827771,TRUE,3,25,80.19549561,74.615242,,
61,C13,FALSE,s03,3,UNKNOWN,SYBR,None,AMP,1.414999371,,,20.27751164,0.861818178,20.28767535,0.107623938,FALSE,0.262104114,TRUE,3,15,78.85627747,,,
62,C14,FALSE,s03,3,UNKNOWN,SYBR,None,AMP,1.397081088,,,20.18549381,0.830094695,20.28767535,0.107623938,FALSE,0.262104114,TRUE,3,15,78.85627747,,,
63,C15,FALSE,s03,3,UNKNOWN,SYBR,None,AMP,1.367951809,,,20.4000206,0.749977093,20.28767535,0.107623938,FALSE,0.262104114,TRUE,3,13,78.85627747,,,
64,C16,FALSE,s19,3,UNKNOWN,SYBR,None,AMP,1.612208398,,,33.878299,0.993861036,33.56030569,0.275424562,FALSE,0.262104114,TRUE,3,28,76.20050812,,,
65,C17,FALSE,s19,3,UNKNOWN,SYBR,None,AMP,1.615424405,,,33.40565385,0.991127298,33.56030569,0.275424562,FALSE,0.262104114,TRUE,3,26,76.20147705,,,
66,C18,FALSE,s19,3,UNKNOWN,SYBR,None,AMP,1.622181647,,,33.3969642,0.991441278,33.56030569,0.275424562,FALSE,0.262104114,TRUE,3,27,74.74071503,,,
67,C19,FALSE,s03,4,UNKNOWN,SYBR,None,AMP,1.484378816,,,23.46175885,0.991409964,23.50761469,0.043457248,TRUE,0.27736732,TRUE,3,17,81.38054657,,,
68,C20,FALSE,s03,4,UNKNOWN,SYBR,None,AMP,1.47375403,,,23.51289427,0.991105368,23.50761469,0.043457248,TRUE,0.27736732,TRUE,3,18,81.51334381,,,
69,C21,FALSE,s03,4,UNKNOWN,SYBR,None,AMP,1.471068392,,,23.54819095,0.992103206,23.50761469,0.043457248,TRUE,0.27736732,TRUE,3,18,81.37597656,,,
70,C22,FALSE,s19,4,UNKNOWN,SYBR,None,AMP,1.611146862,,,27.31621409,0.967872791,27.38228831,0.068099754,TRUE,0.27736732,TRUE,3,22,76.19799805,81.50875092,,
71,C23,FALSE,s19,4,UNKNOWN,SYBR,None,AMP,1.593711023,,,27.45224729,0.959671237,27.38228831,0.068099754,TRUE,0.27736732,TRUE,3,21,76.19799805,81.64151764,,
72,C24,FALSE,s19,4,UNKNOWN,SYBR,None,AMP,1.60019738,,,27.37840356,0.960560723,27.38228831,0.068099754,TRUE,0.27736732,TRUE,3,23,81.64151764,76.19799805,,
73,D1,FALSE,s04,1,UNKNOWN,SYBR,None,AMP,1.172052942,,,22.18251191,0.62868426,22.39812169,0.188732988,FALSE,0.17300691,TRUE,3,17,80.72595978,,,
74,D2,FALSE,s04,1,UNKNOWN,SYBR,None,AMP,1.148438302,,,22.53339397,0.63960969,22.39812169,0.188732988,FALSE,0.17300691,TRUE,3,17,80.85881042,,,
75,D3,FALSE,s04,1,UNKNOWN,SYBR,None,AMP,1.149657488,,,22.47845918,0.61080385,22.39812169,0.188732988,FALSE,0.17300691,TRUE,3,16,80.85881042,,,
76,D4,FALSE,s20,1,UNKNOWN,SYBR,None,NO_AMP,0.76210283,,,UNDETERMINED,0,,,FALSE,0.17300691,TRUE,3,34,75.01316833,82.5859375,91.75296783,85.77446747
77,D5,FALSE,s20,1,UNKNOWN,SYBR,None,AMP,1.455283535,,,31.59160725,0.990921923,33.36513691,2.508149704,FALSE,0.17300691,TRUE,3,26,81.10069275,,,
78,D6,FALSE,s20,1,UNKNOWN,SYBR,None,AMP,1.346829039,,,35.13866658,0.980858403,33.36513691,2.508149704,FALSE,0.17300691,TRUE,3,31,74.99617004,,,
79,D7,FALSE,s04,2,UNKNOWN,SYBR,None,AMP,1.515139435,,,22.45559083,0.994845914,22.47556712,0.103798926,TRUE,0.188827771,TRUE,3,16,80.03903198,,,
80,D8,FALSE,s04,2,UNKNOWN,SYBR,None,AMP,1.523818156,,,22.58790236,0.996781479,22.47556712,0.103798926,TRUE,0.188827771,TRUE,3,18,80.17173767,,,
81,D9,FALSE,s04,2,UNKNOWN,SYBR,None,AMP,1.528424389,,,22.38320817,0.995130916,22.47556712,0.103798926,TRUE,0.188827771,TRUE,3,18,80.19549561,,,
82,D10,FALSE,s20,2,UNKNOWN,SYBR,None,AMP,1.666518083,,,32.25281515,0.990091878,34.2521152,2.827437248,TRUE,0.188827771,TRUE,3,27,79.13258362,87.90155029,,
83,D11,FALSE,s20,2,UNKNOWN,SYBR,None,NO_AMP,0.849353416,,,UNDETERMINED,0,,,TRUE,0.188827771,TRUE,3,33,79.92976379,,,
84,D12,FALSE,s20,2,UNKNOWN,SYBR,None,INCONCLUSIVE,1.33862166,,,36.25141525,0.964785409,34.2521152,2.827437248,TRUE,0.188827771,TRUE,3,32,80.46121979,,,
85,D13,FALSE,s04,3,UNKNOWN,SYBR,None,AMP,1.421162696,,,20.04039568,0.856198719,20.17352938,0.177913913,FALSE,0.262104114,TRUE,3,15,78.85627747,,,
86,D14,FALSE,s04,3,UNKNOWN,SYBR,None,AMP,1.389281804,,,20.10459744,0.785303238,20.17352938,0.177913913,FALSE,0.262104114,TRUE,3,14,78.85627747,,,
87,D15,FALSE,s04,3,UNKNOWN,SYBR,None,AMP,1.345201504,,,20.37559503,0.695033326,20.17352938,0.177913913,FALSE,0.262104114,TRUE,3,14,78.98906708,,,
88,D16,FALSE,s20,3,UNKNOWN,SYBR,None,AMP,1.640998498,,,31.73306506,0.995608822,31.77664192,0.061626998,FALSE,0.262104114,TRUE,3,26,78.85627747,,,
89,D17,FALSE,s20,3,UNKNOWN,SYBR,None,NO_AMP,0,,,UNDETERMINED,0,,,FALSE,0.262104114,TRUE,3,39,80.05258179,66.64012909,63.05461884,85.36444092
90,D18,FALSE,s20,3,UNKNOWN,SYBR,None,AMP,1.554424663,,,31.82021879,0.994481655,31.77664192,0.061626998,FALSE,0.262104114,TRUE,3,26,74.74071503,80.31817627,,
91,D19,FALSE,s04,4,UNKNOWN,SYBR,None,AMP,1.48618051,,,23.40484246,0.988543768,23.42455028,0.089861683,TRUE,0.27736732,TRUE,3,17,81.38054657,,,
92,D20,FALSE,s04,4,UNKNOWN,SYBR,None,AMP,1.472400909,,,23.34617822,0.990367713,23.42455028,0.089861683,TRUE,0.27736732,TRUE,3,16,81.38054657,,,
93,D21,FALSE,s04,4,UNKNOWN,SYBR,None,AMP,1.46685233,,,23.52263018,0.988704078,23.42455028,0.089861683,TRUE,0.27736732,TRUE,3,17,81.37597656,,,
94,D22,FALSE,s20,4,UNKNOWN,SYBR,None,AMP,1.603651073,,,27.33544567,0.966683593,27.3670476,0.114207952,TRUE,0.27736732,TRUE,3,22,76.19799805,81.50875092,,
95,D23,FALSE,s20,4,UNKNOWN,SYBR,None,AMP,1.585889889,,,27.27196825,0.966127784,27.3670476,0.114207952,TRUE,0.27736732,TRUE,3,20,76.06523132,81.50875092,,
96,D24,FALSE,s20,4,UNKNOWN,SYBR,None,AMP,1.583515512,,,27.49372889,0.962602778,27.3670476,0.114207952,TRUE,0.27736732,TRUE,3,23,76.19799805,81.50875092,,
97,E1,FALSE,s05,1,UNKNOWN,SYBR,None,AMP,1.17633999,,,22.49329245,0.632409119,22.55796022,0.106598407,FALSE,0.17300691,TRUE,3,17,80.72595978,,,
98,E2,FALSE,s05,1,UNKNOWN,SYBR,None,AMP,1.13678242,,,22.49959252,0.582740368,22.55796022,0.106598407,FALSE,0.17300691,TRUE,3,17,80.85881042,,,
99,E3,FALSE,s05,1,UNKNOWN,SYBR,None,AMP,1.134735627,,,22.68099571,0.644113121,22.55796022,0.106598407,FALSE,0.17300691,TRUE,3,18,80.85881042,,,
100,E4,FALSE,s21,1,UNKNOWN,SYBR,None,AMP,1.390922594,,,33.45511019,0.987283559,34.88461604,1.393198008,FALSE,0.17300691,TRUE,3,28,75.01316833,,,
101,E5,FALSE,s21,1,UNKNOWN,SYBR,None,AMP,1.389118293,,,34.96031853,0.978302534,34.88461604,1.393198008,FALSE,0.17300691,TRUE,3,29,75.12888336,,,
102,E6,FALSE,s21,1,UNKNOWN,SYBR,None,AMP,1.277145926,,,36.2384194,0.967418233,34.88461604,1.393198008,FALSE,0.17300691,TRUE,3,31,75.12888336,85.87813568,,
103,E7,FALSE,s05,2,UNKNOWN,SYBR,None,AMP,1.5000042,,,22.57743074,0.993679854,22.51446828,0.066050461,TRUE,0.188827771,TRUE,3,17,80.03903198,,,
104,E8,FALSE,s05,2,UNKNOWN,SYBR,None,AMP,1.514675635,,,22.52026251,0.995884693,22.51446828,0.066050461,TRUE,0.188827771,TRUE,3,17,80.03903198,,,
105,E9,FALSE,s05,2,UNKNOWN,SYBR,None,AMP,1.521886552,,,22.4457116,0.993568201,22.51446828,0.066050461,TRUE,0.188827771,TRUE,3,17,80.19549561,,,
106,E10,FALSE,s21,2,UNKNOWN,SYBR,None,NO_AMP,0.9774876,,,38.88882831,0.099717097,37.45130986,,TRUE,0.188827771,TRUE,3,34,75.54528809,,,
107,E11,FALSE,s21,2,UNKNOWN,SYBR,None,NO_AMP,0,,,UNDETERMINED,0,,,TRUE,0.188827771,TRUE,3,39,79.26544952,74.88096619,70.23075867,91.88745117
108,E12,FALSE,s21,2,UNKNOWN,SYBR,None,INCONCLUSIVE,1.147934428,,,37.45130986,0.928342801,37.45130986,,TRUE,0.188827771,TRUE,3,32,80.0626297,,,
109,E13,FALSE,s05,3,UNKNOWN,SYBR,None,AMP,1.416605862,,,20.21895616,0.864371878,20.44600849,0.524222459,FALSE,0.262104114,TRUE,3,16,78.72349548,,,
110,E14,FALSE,s05,3,UNKNOWN,SYBR,None,AMP,1.384700362,,,20.07358753,0.764956883,20.44600849,0.524222459,FALSE,0.262104114,TRUE,3,13,78.85627747,,,
111,E15,FALSE,s05,3,UNKNOWN,SYBR,None,AMP,1.325472179,,,21.04548179,0.648270009,20.44600849,0.524222459,FALSE,0.262104114,TRUE,3,14,78.85627747,,,
112,E16,FALSE,s21,3,UNKNOWN,SYBR,None,AMP,1.630127469,,,32.8122581,0.993423586,33.92621509,1.032250044,FALSE,0.262104114,TRUE,3,27,78.85627747,,,
113,E17,FALSE,s21,3,UNKNOWN,SYBR,None,AMP,1.621736638,,,34.11595385,0.990596435,33.92621509,1.032250044,FALSE,0.262104114,TRUE,3,28,74.60792542,78.99020386,,
114,E18,FALSE,s21,3,UNKNOWN,SYBR,None,AMP,1.564902345,,,34.85043332,0.991765832,33.92621509,1.032250044,FALSE,0.262104114,TRUE,3,29,75.13910675,,,
115,E19,FALSE,s05,4,UNKNOWN,SYBR,None,AMP,1.478049954,,,23.59512563,0.990912956,23.52657491,0.07025018,TRUE,0.27736732,TRUE,3,16,81.38054657,,,
116,E20,FALSE,s05,4,UNKNOWN,SYBR,None,AMP,1.462336735,,,23.45474044,0.995254527,23.52657491,0.07025018,TRUE,0.27736732,TRUE,3,17,81.38054657,,,
117,E21,FALSE,s05,4,UNKNOWN,SYBR,None,AMP,1.460694787,,,23.52985866,0.993514366,23.52657491,0.07025018,TRUE,0.27736732,TRUE,3,18,81.37597656,,,
118,E22,FALSE,s21,4,UNKNOWN,SYBR,None,AMP,1.601791828,,,27.37325452,0.968447322,27.34946883,0.087428392,TRUE,0.27736732,TRUE,3,20,76.06523132,81.50875092,,
119,E23,FALSE,s21,4,UNKNOWN,SYBR,None,AMP,1.608974904,,,27.25260891,0.969669153,27.34946883,0.087428392,TRUE,0.27736732,TRUE,3,22,81.37597656,75.93245697,,
120,E24,FALSE,s21,4,UNKNOWN,SYBR,None,AMP,1.598673655,,,27.42254306,0.967757937,27.34946883,0.087428392,TRUE,0.27736732,TRUE,3,23,76.19799805,81.50875092,,
121,F1,FALSE,s06,1,UNKNOWN,SYBR,None,AMP,1.154493869,,,23.02961347,0.591771551,23.21725409,0.262393337,FALSE,0.17300691,TRUE,3,19,80.5931015,,,
122,F2,FALSE,s06,1,UNKNOWN,SYBR,None,AMP,1.125684686,,,23.10505618,0.601146437,23.21725409,0.262393337,FALSE,0.17300691,TRUE,3,17,80.85881042,,,
123,F3,FALSE,s06,1,UNKNOWN,SYBR,None,AMP,1.115638386,,,23.51709263,0.630204115,23.21725409,0.262393337,FALSE,0.17300691,TRUE,3,16,80.85881042,,,
124,F4,FALSE,s22,1,UNKNOWN,SYBR,None,AMP,1.429399836,,,33.82758245,0.980086043,33.98213806,0.175343792,FALSE,0.17300691,TRUE,3,30,75.27888489,,,
125,F5,FALSE,s22,1,UNKNOWN,SYBR,None,AMP,1.356768461,,,33.94614687,0.978809832,33.98213806,0.175343792,FALSE,0.17300691,TRUE,3,29,74.86346436,86.54167175,,
126,F6,FALSE,s22,1,UNKNOWN,SYBR,None,AMP,1.409555525,,,34.17268487,0.986806316,33.98213806,0.175343792,FALSE,0.17300691,TRUE,3,30,74.99617004,,,
127,F7,FALSE,s06,2,UNKNOWN,SYBR,None,AMP,1.494287818,,,22.89574233,0.991391426,22.7480969,0.128523931,TRUE,0.188827771,TRUE,3,18,79.90632629,,,
128,F8,FALSE,s06,2,UNKNOWN,SYBR,None,AMP,1.501371171,,,22.66127336,0.995280104,22.7480969,0.128523931,TRUE,0.188827771,TRUE,3,17,79.90632629,,,
129,F9,FALSE,s06,2,UNKNOWN,SYBR,None,AMP,1.508165954,,,22.68727502,0.994394064,22.7480969,0.128523931,TRUE,0.188827771,TRUE,3,18,80.0626297,,,
130,F10,FALSE,s22,2,UNKNOWN,SYBR,None,AMP,1.656518215,,,32.4660707,0.99504401,32.51312008,0.440541622,TRUE,0.188827771,TRUE,3,26,80.19549561,75.41242218,,
131,F11,FALSE,s22,2,UNKNOWN,SYBR,None,AMP,1.653144615,,,32.97529804,0.992544988,32.51312008,0.440541622,TRUE,0.188827771,TRUE,3,27,75.41242218,,,
132,F12,FALSE,s22,2,UNKNOWN,SYBR,None,AMP,1.652006114,,,32.09799151,0.992779228,32.51312008,0.440541622,TRUE,0.188827771,TRUE,3,26,80.0626297,,,
133,F13,FALSE,s06,3,UNKNOWN,SYBR,None,AMP,1.405182336,,,20.25919303,0.84596514,20.49589468,0.231321266,FALSE,0.262104114,TRUE,3,15,78.72349548,,,
134,F14,FALSE,s06,3,UNKNOWN,SYBR,None,AMP,1.342009837,,,20.72143121,0.680357379,20.49589468,0.231321266,FALSE,0.262104114,TRUE,3,15,78.72349548,,,
135,F15,FALSE,s06,3,UNKNOWN,SYBR,None,AMP,1.32514233,,,20.50705978,0.674796997,20.49589468,0.231321266,FALSE,0.262104114,TRUE,3,13,78.72349548,,,
136,F16,FALSE,s22,3,UNKNOWN,SYBR,None,AMP,1.595747447,,,31.97211211,0.995089246,32.77401425,1.069538985,FALSE,0.262104114,TRUE,3,27,74.34146881,79.78579712,,
137,F17,FALSE,s22,3,UNKNOWN,SYBR,None,AMP,1.600659295,,,33.98837073,0.991275927,32.77401425,1.069538985,FALSE,0.262104114,TRUE,3,28,74.60792542,,,
138,F18,FALSE,s22,3,UNKNOWN,SYBR,None,AMP,1.63338896,,,32.36155992,0.991962947,32.77401425,1.069538985,FALSE,0.262104114,TRUE,3,27,78.99020386,,,
139,F19,FALSE,s06,4,UNKNOWN,SYBR,None,AMP,1.478182507,,,23.79304794,0.992061869,23.82563369,0.046537574,TRUE,0.27736732,TRUE,3,19,81.24774933,,,
140,F20,FALSE,s06,4,UNKNOWN,SYBR,None,AMP,1.440518917,,,23.80492154,0.993779961,23.82563369,0.046537574,TRUE,0.27736732,TRUE,3,18,81.24774933,,,
141,F21,FALSE,s06,4,UNKNOWN,SYBR,None,AMP,1.454740292,,,23.8789316,0.989368963,23.82563369,0.046537574,TRUE,0.27736732,TRUE,3,18,81.24320984,,,
142,F22,FALSE,s22,4,UNKNOWN,SYBR,None,AMP,1.605530266,,,27.55649778,0.97477603,27.47745104,0.100142433,TRUE,0.27736732,TRUE,3,21,76.06523132,81.24320984,,
143,F23,FALSE,s22,4,UNKNOWN,SYBR,None,AMP,1.598289161,,,27.3648372,0.976226716,27.47745104,0.100142433,TRUE,0.27736732,TRUE,3,22,76.06523132,81.37597656,,
144,F24,FALSE,s22,4,UNKNOWN,SYBR,None,AMP,1.597347463,,,27.51101815,0.974408951,27.47745104,0.100142433,TRUE,0.27736732,TRUE,3,22,75.93245697,81.37597656,,
145,G1,FALSE,s07,1,UNKNOWN,SYBR,None,AMP,1.136159882,,,23.01513242,0.498500702,22.97306226,0.078003476,FALSE,0.17300691,TRUE,3,19,80.5931015,,,
146,G2,FALSE,s07,1,UNKNOWN,SYBR,None,AMP,1.13533232,,,22.88305531,0.613410368,22.97306226,0.078003476,FALSE,0.17300691,TRUE,3,18,80.72595978,,,
147,G3,FALSE,s07,1,UNKNOWN,SYBR,None,AMP,1.101561038,,,23.02099904,0.603155907,22.97306226,0.078003476,FALSE,0.17300691,TRUE,3,18,80.72595978,,,
148,G4,FALSE,s23,1,UNKNOWN,SYBR,None,AMP,1.431197502,,,34.05030034,0.977257333,33.46897295,0.561095264,FALSE,0.17300691,TRUE,3,29,75.27888489,,,
149,G5,FALSE,s23,1,UNKNOWN,SYBR,None,AMP,1.414135196,,,33.42604249,0.991770306,33.46897295,0.561095264,FALSE,0.17300691,TRUE,3,29,74.86346436,,,
150,G6,FALSE,s23,1,UNKNOWN,SYBR,None,AMP,1.429318618,,,32.93057604,0.987835818,33.46897295,0.561095264,FALSE,0.17300691,TRUE,3,29,74.59805298,82.56046295,,
151,G7,FALSE,s07,2,UNKNOWN,SYBR,None,AMP,1.493841029,,,24.09880581,0.993666367,24.09116799,0.034105186,TRUE,0.188827771,TRUE,3,18,79.90632629,,,
152,G8,FALSE,s07,2,UNKNOWN,SYBR,None,AMP,1.515411196,,,24.05389147,0.993378335,24.09116799,0.034105186,TRUE,0.188827771,TRUE,3,17,79.90632629,,,
153,G9,FALSE,s07,2,UNKNOWN,SYBR,None,AMP,1.520611707,,,24.12080669,0.993074427,24.09116799,0.034105186,TRUE,0.188827771,TRUE,3,19,80.0626297,,,
154,G10,FALSE,s23,2,UNKNOWN,SYBR,None,AMP,1.660081531,,,32.14819636,0.991707062,33.83401171,2.117900096,TRUE,0.188827771,TRUE,3,26,80.0626297,,,
155,G11,FALSE,s23,2,UNKNOWN,SYBR,None,AMP,1.320855058,,,36.21120123,0.951770512,33.83401171,2.117900096,TRUE,0.188827771,TRUE,3,30,75.146698,87.23723602,63.32188034,
156,G12,FALSE,s23,2,UNKNOWN,SYBR,None,AMP,1.65587029,,,33.14263754,0.989332932,33.83401171,2.117900096,TRUE,0.188827771,TRUE,3,28,76.07673645,,,
157,G13,FALSE,s07,3,UNKNOWN,SYBR,None,AMP,1.398825829,,,20.24770048,0.831208554,20.27793307,0.058640947,FALSE,0.262104114,TRUE,3,14,78.72349548,,,
158,G14,FALSE,s07,3,UNKNOWN,SYBR,None,AMP,1.37683961,,,20.24057791,0.765906216,20.27793307,0.058640947,FALSE,0.262104114,TRUE,3,14,78.72349548,,,
159,G15,FALSE,s07,3,UNKNOWN,SYBR,None,AMP,1.342749057,,,20.34552082,0.709536825,20.27793307,0.058640947,FALSE,0.262104114,TRUE,3,13,78.72349548,,,
160,G16,FALSE,s23,3,UNKNOWN,SYBR,None,AMP,1.627113159,,,32.48931119,0.992054338,34.82031809,2.034439752,FALSE,0.262104114,TRUE,3,26,80.18416595,,,
161,G17,FALSE,s23,3,UNKNOWN,SYBR,None,INCONCLUSIVE,1.407204779,,,36.23830961,0.986022821,34.82031809,2.034439752,FALSE,0.262104114,TRUE,3,30,79.52139282,,,
162,G18,FALSE,s23,3,UNKNOWN,SYBR,None,AMP,1.456036788,,,35.73333348,0.989050443,34.82031809,2.034439752,FALSE,0.262104114,TRUE,3,31,76.20147705,,,
163,G19,FALSE,s07,4,UNKNOWN,SYBR,None,AMP,1.455931416,,,25.07737071,0.990611511,25.03167694,0.077677253,TRUE,0.27736732,TRUE,3,20,81.11495209,,,
164,G20,FALSE,s07,4,UNKNOWN,SYBR,None,AMP,1.451111865,,,24.94198834,0.992124874,25.03167694,0.077677253,TRUE,0.27736732,TRUE,3,19,81.24774933,,,
165,G21,FALSE,s07,4,UNKNOWN,SYBR,None,AMP,1.441543909,,,25.07567178,0.989885529,25.03167694,0.077677253,TRUE,0.27736732,TRUE,3,19,81.11044312,,,
166,G22,FALSE,s23,4,UNKNOWN,SYBR,None,AMP,1.618794254,,,27.3489547,0.97138188,27.4000229,0.045611933,TRUE,0.27736732,TRUE,3,22,76.06523132,81.37597656,,
167,G23,FALSE,s23,4,UNKNOWN,SYBR,None,AMP,1.601206477,,,27.43671394,0.96851311,27.4000229,0.045611933,TRUE,0.27736732,TRUE,3,22,76.06523132,81.37597656,,
168,G24,FALSE,s23,4,UNKNOWN,SYBR,None,AMP,1.596107924,,,27.41440007,0.966589885,27.4000229,0.045611933,TRUE,0.27736732,TRUE,3,22,76.06523132,81.37597656,,
169,H1,FALSE,s08,1,UNKNOWN,SYBR,None,INCONCLUSIVE,1.107052702,,,23.37111657,0.42735941,23.32657651,0.106872027,FALSE,0.17300691,TRUE,3,19,80.5931015,,,
170,H2,FALSE,s08,1,UNKNOWN,SYBR,None,AMP,1.116997852,,,23.20463819,0.602685365,23.32657651,0.106872027,FALSE,0.17300691,TRUE,3,17,80.72595978,,,
171,H3,FALSE,s08,1,UNKNOWN,SYBR,None,AMP,1.108630584,,,23.40397476,0.632773828,23.32657651,0.106872027,FALSE,0.17300691,TRUE,3,17,80.85881042,,,
172,H4,FALSE,s24,1,UNKNOWN,SYBR,None,AMP,1.456275059,,,32.66118125,0.990113017,34.97165381,2.309518656,FALSE,0.17300691,TRUE,3,27,74.88031769,,,
173,H5,FALSE,s24,1,UNKNOWN,SYBR,None,AMP,1.365161249,,,34.9735628,0.988972327,34.97165381,2.309518656,FALSE,0.17300691,TRUE,3,29,75.52700043,,,
174,H6,FALSE,s24,1,UNKNOWN,SYBR,None,INCONCLUSIVE,1.139269549,,,37.28021738,0.957374214,34.97165381,2.309518656,FALSE,0.17300691,TRUE,3,32,75.12888336,,,
175,H7,FALSE,s08,2,UNKNOWN,SYBR,None,AMP,1.488124571,,,24.77501311,0.992295909,24.68290612,0.084620844,TRUE,0.188827771,TRUE,3,19,79.90632629,,,
176,H8,FALSE,s08,2,UNKNOWN,SYBR,None,AMP,1.501596587,,,24.66510001,0.992096083,24.68290612,0.084620844,TRUE,0.188827771,TRUE,3,19,80.03903198,,,
177,H9,FALSE,s08,2,UNKNOWN,SYBR,None,AMP,1.510812225,,,24.60860524,0.994492315,24.68290612,0.084620844,TRUE,0.188827771,TRUE,3,19,80.0626297,,,
178,H10,FALSE,s24,2,UNKNOWN,SYBR,None,NO_AMP,0,,,UNDETERMINED,0,,,TRUE,0.188827771,TRUE,3,39,75.41242218,79.66403961,89.76163483,83.91566467
179,H11,FALSE,s24,2,UNKNOWN,SYBR,None,AMP,1.661279629,,,33.2488555,0.991381119,33.01825332,0.326120732,TRUE,0.188827771,TRUE,3,28,75.27955627,,,
180,H12,FALSE,s24,2,UNKNOWN,SYBR,None,AMP,1.653708412,,,32.78765114,0.98594683,33.01825332,0.326120732,TRUE,0.188827771,TRUE,3,26,75.146698,,,
181,H13,FALSE,s08,3,UNKNOWN,SYBR,None,AMP,1.42066491,,,20.50463437,0.847613996,20.64339548,0.150590377,FALSE,0.262104114,TRUE,3,15,78.72349548,,,
182,H14,FALSE,s08,3,UNKNOWN,SYBR,None,AMP,1.366652196,,,20.622021,0.71961453,20.64339548,0.150590377,FALSE,0.262104114,TRUE,3,15,78.72349548,,,
183,H15,FALSE,s08,3,UNKNOWN,SYBR,None,AMP,1.350055504,,,20.80353108,0.69531559,20.64339548,0.150590377,FALSE,0.262104114,TRUE,3,15,78.72349548,,,
184,H16,FALSE,s24,3,UNKNOWN,SYBR,None,AMP,1.570540063,,,34.56142363,0.993982831,34.66320625,0.308016335,FALSE,0.262104114,TRUE,3,28,74.60704803,,,
185,H17,FALSE,s24,3,UNKNOWN,SYBR,None,AMP,1.574580928,,,34.41896322,0.992934794,34.66320625,0.308016335,FALSE,0.262104114,TRUE,3,29,74.34233093,,,
186,H18,FALSE,s24,3,UNKNOWN,SYBR,None,AMP,1.533936068,,,35.00923192,0.987810667,34.66320625,0.308016335,FALSE,0.262104114,TRUE,3,30,76.33427429,,,
187,H19,FALSE,s08,4,UNKNOWN,SYBR,None,AMP,1.446935008,,,25.61532776,0.988432998,25.60767514,0.133439047,TRUE,0.27736732,TRUE,3,20,81.24774933,,,
188,H20,FALSE,s08,4,UNKNOWN,SYBR,None,AMP,1.430690913,,,25.7371232,0.988929899,25.60767514,0.133439047,TRUE,0.27736732,TRUE,3,20,81.24774933,,,
189,H21,FALSE,s08,4,UNKNOWN,SYBR,None,AMP,1.437103611,,,25.47057446,0.988095277,25.60767514,0.133439047,TRUE,0.27736732,TRUE,3,20,81.24320984,,,
190,H22,FALSE,s24,4,UNKNOWN,SYBR,None,AMP,1.611071893,,,27.18637556,0.969070598,27.47498024,0.249969498,TRUE,0.27736732,TRUE,3,21,75.93245697,81.24320984,,
191,H23,FALSE,s24,4,UNKNOWN,SYBR,None,AMP,1.603147696,,,27.62318822,0.96576812,27.47498024,0.249969498,TRUE,0.27736732,TRUE,3,22,75.93245697,81.24320984,,
192,H24,FALSE,s24,4,UNKNOWN,SYBR,None,AMP,1.603036705,,,27.61537693,0.969862228,27.47498024,0.249969498,TRUE,0.27736732,TRUE,3,22,75.93245697,81.37597656,,
193,I1,FALSE,s09,1,UNKNOWN,SYBR,None,AMP,1.141496021,,,22.31982573,0.534966837,22.60450588,0.246642797,FALSE,0.17300691,TRUE,3,18,80.5931015,,,
194,I2,FALSE,s09,1,UNKNOWN,SYBR,None,AMP,1.126221705,,,22.75395779,0.596488295,22.60450588,0.246642797,FALSE,0.17300691,TRUE,3,18,80.72595978,,,
195,I3,FALSE,s09,1,UNKNOWN,SYBR,None,AMP,1.102533789,,,22.73973413,0.594823016,22.60450588,0.246642797,FALSE,0.17300691,TRUE,3,15,80.85881042,,,
196,I4,FALSE,s25,1,UNKNOWN,SYBR,None,AMP,1.408083834,,,34.66466183,0.979936363,34.15441129,1.140481802,FALSE,0.17300691,TRUE,3,28,75.01316833,,,
197,I5,FALSE,s25,1,UNKNOWN,SYBR,None,AMP,1.371875199,,,34.95068129,0.984679848,34.15441129,1.140481802,FALSE,0.17300691,TRUE,3,30,74.3326416,,,
198,I6,FALSE,s25,1,UNKNOWN,SYBR,None,AMP,1.408952632,,,32.84789074,0.984634364,34.15441129,1.140481802,FALSE,0.17300691,TRUE,3,27,74.99617004,,,
199,I7,FALSE,s09,2,UNKNOWN,SYBR,None,AMP,1.494395637,,,24.13692757,0.994606684,23.96438414,0.149445957,TRUE,0.188827771,TRUE,3,19,79.90632629,,,
200,I8,FALSE,s09,2,UNKNOWN,SYBR,None,AMP,1.511455096,,,23.8757318,0.994765819,23.96438414,0.149445957,TRUE,0.188827771,TRUE,3,18,80.03903198,,,
201,I9,FALSE,s09,2,UNKNOWN,SYBR,None,AMP,1.514992839,,,23.88049303,0.9951258,23.96438414,0.149445957,TRUE,0.188827771,TRUE,3,19,79.92976379,,,
202,I10,FALSE,s25,2,UNKNOWN,SYBR,None,AMP,1.669542938,,,31.58415569,0.993132543,32.00991139,0.375235333,TRUE,0.188827771,TRUE,3,26,80.0626297,,,
203,I11,FALSE,s25,2,UNKNOWN,SYBR,None,AMP,1.664684655,,,32.15314285,0.989458662,32.00991139,0.375235333,TRUE,0.188827771,TRUE,3,26,80.0626297,,,
204,I12,FALSE,s25,2,UNKNOWN,SYBR,None,AMP,1.686819583,,,32.29243563,0.991945278,32.00991139,0.375235333,TRUE,0.188827771,TRUE,3,28,84.18138885,78.60113525,,
205,I13,FALSE,s09,3,UNKNOWN,SYBR,None,AMP,1.408630105,,,19.9262117,0.819033563,20.07188632,0.427670656,FALSE,0.262104114,TRUE,3,14,78.72349548,,,
206,I14,FALSE,s09,3,UNKNOWN,SYBR,None,AMP,1.384155608,,,19.73608397,0.746681682,20.07188632,0.427670656,FALSE,0.262104114,TRUE,3,13,78.72349548,,,
207,I15,FALSE,s09,3,UNKNOWN,SYBR,None,AMP,1.317815472,,,20.55336328,0.657992792,20.07188632,0.427670656,FALSE,0.262104114,TRUE,3,15,78.72349548,,,
208,I16,FALSE,s25,3,UNKNOWN,SYBR,None,AMP,1.619984248,,,31.89443224,0.995649687,32.05458508,0.807450143,FALSE,0.262104114,TRUE,3,26,78.85627747,,,
209,I17,FALSE,s25,3,UNKNOWN,SYBR,None,AMP,1.615635467,,,32.93011045,0.995115771,32.05458508,0.807450143,FALSE,0.262104114,TRUE,3,26,77.66223907,,,
210,I18,FALSE,s25,3,UNKNOWN,SYBR,None,AMP,1.614405078,,,31.33921255,0.992971929,32.05458508,0.807450143,FALSE,0.262104114,TRUE,3,25,78.85740662,,,
211,I19,FALSE,s09,4,UNKNOWN,SYBR,None,AMP,1.47145715,,,24.79034054,0.991955329,24.90871529,0.123291687,TRUE,0.27736732,TRUE,3,19,81.24774933,,,
212,I20,FALSE,s09,4,UNKNOWN,SYBR,None,AMP,1.461312315,,,24.89940884,0.993770235,24.90871529,0.123291687,TRUE,0.27736732,TRUE,3,18,81.24774933,,,
213,I21,FALSE,s09,4,UNKNOWN,SYBR,None,AMP,1.442096356,,,25.03639649,0.992177894,24.90871529,0.123291687,TRUE,0.27736732,TRUE,3,19,81.11044312,,,
214,I22,FALSE,s25,4,UNKNOWN,SYBR,None,AMP,1.613590542,,,26.91071702,0.971076844,26.96056147,0.200895569,TRUE,0.27736732,TRUE,3,22,81.24320984,75.93245697,,
215,I23,FALSE,s25,4,UNKNOWN,SYBR,None,AMP,1.606889131,,,27.18168685,0.967034979,26.96056147,0.200895569,TRUE,0.27736732,TRUE,3,21,76.06523132,81.37597656,,
216,I24,FALSE,s25,4,UNKNOWN,SYBR,None,AMP,1.616339757,,,26.78928055,0.968635548,26.96056147,0.200895569,TRUE,0.27736732,TRUE,3,21,81.37597656,75.79969025,,
217,J1,FALSE,s10,1,UNKNOWN,SYBR,None,AMP,1.147726747,,,22.74165741,0.604285693,23.14944411,0.35484824,FALSE,0.17300691,TRUE,3,17,80.5931015,,,
218,J2,FALSE,s10,1,UNKNOWN,SYBR,None,AMP,1.105864483,,,23.31869956,0.586623533,23.14944411,0.35484824,FALSE,0.17300691,TRUE,3,17,80.72595978,,,
219,J3,FALSE,s10,1,UNKNOWN,SYBR,None,AMP,1.095323489,,,23.38797535,0.63044223,23.14944411,0.35484824,FALSE,0.17300691,TRUE,3,18,80.72595978,,,
220,J4,FALSE,s26,1,UNKNOWN,SYBR,None,AMP,1.348306034,,,33.26697587,0.96895161,34.19568588,1.157694229,FALSE,0.17300691,TRUE,3,28,74.88031769,82.32022095,,
221,J5,FALSE,s26,1,UNKNOWN,SYBR,None,AMP,1.399597523,,,35.49273484,0.987867611,34.19568588,1.157694229,FALSE,0.17300691,TRUE,3,31,78.57925415,69.42248535,,
222,J6,FALSE,s26,1,UNKNOWN,SYBR,None,AMP,1.442661711,,,33.82734694,0.989998476,34.19568588,1.157694229,FALSE,0.17300691,TRUE,3,29,74.3326416,,,
223,J7,FALSE,s10,2,UNKNOWN,SYBR,None,AMP,1.503631443,,,23.15064241,0.994182535,23.19724514,0.177539577,TRUE,0.188827771,TRUE,3,17,79.90632629,,,
224,J8,FALSE,s10,2,UNKNOWN,SYBR,None,AMP,1.510907191,,,23.0476551,0.995457579,23.19724514,0.177539577,TRUE,0.188827771,TRUE,3,17,79.90632629,,,
225,J9,FALSE,s10,2,UNKNOWN,SYBR,None,AMP,1.520866593,,,23.39343792,0.992962465,23.19724514,0.177539577,TRUE,0.188827771,TRUE,3,19,79.92976379,,,
226,J10,FALSE,s26,2,UNKNOWN,SYBR,None,AMP,1.663381471,,,31.90017349,0.992699033,31.63999857,0.647663226,TRUE,0.188827771,TRUE,3,25,79.92976379,,,
227,J11,FALSE,s26,2,UNKNOWN,SYBR,None,AMP,1.660820977,,,32.11711734,0.99327472,31.63999857,0.647663226,TRUE,0.188827771,TRUE,3,27,79.92976379,,,
228,J12,FALSE,s26,2,UNKNOWN,SYBR,None,AMP,1.664705728,,,30.90270487,0.994292938,31.63999857,0.647663226,TRUE,0.188827771,TRUE,3,26,79.92976379,,,
229,J13,FALSE,s10,3,UNKNOWN,SYBR,None,AMP,1.418612657,,,20.38172968,0.849454762,20.5545771,0.316648223,FALSE,0.262104114,TRUE,3,14,78.59069824,,,
230,J14,FALSE,s10,3,UNKNOWN,SYBR,None,AMP,1.377790052,,,20.3619687,0.718852599,20.5545771,0.316648223,FALSE,0.262104114,TRUE,3,15,78.72349548,,,
231,J15,FALSE,s10,3,UNKNOWN,SYBR,None,AMP,1.33279227,,,20.92003293,0.667726615,20.5545771,0.316648223,FALSE,0.262104114,TRUE,3,15,78.72349548,,,
232,J16,FALSE,s26,3,UNKNOWN,SYBR,None,AMP,1.315409321,,,36.48901097,0.979465136,33.95074599,2.507741467,FALSE,0.262104114,TRUE,3,30,81.91041565,74.73983765,71.15454102,
233,J17,FALSE,s26,3,UNKNOWN,SYBR,None,AMP,1.60925487,,,33.8885416,0.992514862,33.95074599,2.507741467,FALSE,0.262104114,TRUE,3,28,81.11495209,,,
234,J18,FALSE,s26,3,UNKNOWN,SYBR,None,AMP,1.600199852,,,31.4746854,0.99459178,33.95074599,2.507741467,FALSE,0.262104114,TRUE,3,27,77.66223907,,,
235,J19,FALSE,s10,4,UNKNOWN,SYBR,None,AMP,1.46702856,,,24.21107287,0.993692169,24.21443197,0.094100826,TRUE,0.27736732,TRUE,3,19,81.11495209,,,
236,J20,FALSE,s10,4,UNKNOWN,SYBR,None,AMP,1.446905987,,,24.12205567,0.989435225,24.21443197,0.094100826,TRUE,0.27736732,TRUE,3,19,81.11495209,,,
237,J21,FALSE,s10,4,UNKNOWN,SYBR,None,AMP,1.441689259,,,24.31016737,0.990954023,24.21443197,0.094100826,TRUE,0.27736732,TRUE,3,18,81.11044312,,,
238,J22,FALSE,s26,4,UNKNOWN,SYBR,None,AMP,1.613394781,,,26.98345417,0.969878602,27.17193983,0.189329834,TRUE,0.27736732,TRUE,3,20,81.24320984,75.79969025,,
239,J23,FALSE,s26,4,UNKNOWN,SYBR,None,AMP,1.608671626,,,27.36210269,0.963820213,27.17193983,0.189329834,TRUE,0.27736732,TRUE,3,23,81.24320984,75.93245697,,
240,J24,FALSE,s26,4,UNKNOWN,SYBR,None,AMP,1.61001222,,,27.17026263,0.962154158,27.17193983,0.189329834,TRUE,0.27736732,TRUE,3,21,75.93245697,81.37597656,,
241,K1,FALSE,s11,1,UNKNOWN,SYBR,None,AMP,1.136232326,,,22.84148347,0.530299026,22.72922359,0.138846981,FALSE,0.17300691,TRUE,3,19,80.46025085,,,
242,K2,FALSE,s11,1,UNKNOWN,SYBR,None,AMP,1.127929814,,,22.57396357,0.620830276,22.72922359,0.138846981,FALSE,0.17300691,TRUE,3,16,80.72595978,,,
243,K3,FALSE,s11,1,UNKNOWN,SYBR,None,AMP,1.125226238,,,22.77222374,0.623788588,22.72922359,0.138846981,FALSE,0.17300691,TRUE,3,16,80.72595978,,,
244,K4,FALSE,s27,1,UNKNOWN,SYBR,None,AMP,1.407069938,,,34.00198385,0.93552186,35.5609671,1.500005735,FALSE,0.17300691,TRUE,3,30,75.14602661,,,
245,K5,FALSE,s27,1,UNKNOWN,SYBR,None,INCONCLUSIVE,1.193528171,,,36.99406076,0.96671102,35.5609671,1.500005735,FALSE,0.17300691,TRUE,3,31,76.1905365,,,
246,K6,FALSE,s27,1,UNKNOWN,SYBR,None,AMP,1.350872462,,,35.68685668,0.977811398,35.5609671,1.500005735,FALSE,0.17300691,TRUE,3,30,74.86346436,,,
247,K7,FALSE,s11,2,UNKNOWN,SYBR,None,AMP,1.49972458,,,23.37524405,0.995125701,23.2905843,0.074820423,TRUE,0.188827771,TRUE,3,19,79.90632629,,,
248,K8,FALSE,s11,2,UNKNOWN,SYBR,None,AMP,1.509509988,,,23.23333329,0.994097577,23.2905843,0.074820423,TRUE,0.188827771,TRUE,3,17,79.90632629,,,
249,K9,FALSE,s11,2,UNKNOWN,SYBR,None,AMP,1.514374359,,,23.26317556,0.992665497,23.2905843,0.074820423,TRUE,0.188827771,TRUE,3,19,79.92976379,,,
250,K10,FALSE,s27,2,UNKNOWN,SYBR,None,AMP,1.033513233,,,38.36087789,0.51344494,35.59117365,3.16196497,TRUE,0.188827771,TRUE,3,32,87.23723602,,,
251,K11,FALSE,s27,2,UNKNOWN,SYBR,None,AMP,1.2598401,,,36.26655848,0.947620037,35.59117365,3.16196497,TRUE,0.188827771,TRUE,3,30,87.23723602,,,
252,K12,FALSE,s27,2,UNKNOWN,SYBR,None,AMP,1.661515224,,,32.14608458,0.992064545,35.59117365,3.16196497,TRUE,0.188827771,TRUE,3,26,80.59408569,78.20254517,,
253,K13,FALSE,s11,3,UNKNOWN,SYBR,None,AMP,1.401747592,,,20.1873951,0.837652001,20.20888198,0.116858002,FALSE,0.262104114,TRUE,3,14,78.59069824,,,
254,K14,FALSE,s11,3,UNKNOWN,SYBR,None,AMP,1.375855005,,,20.10425849,0.775095591,20.20888198,0.116858002,FALSE,0.262104114,TRUE,3,14,78.59069824,,,
255,K15,FALSE,s11,3,UNKNOWN,SYBR,None,AMP,1.332280592,,,20.33499235,0.699835818,20.20888198,0.116858002,FALSE,0.262104114,TRUE,3,15,78.59069824,,,
256,K16,FALSE,s27,3,UNKNOWN,SYBR,None,INCONCLUSIVE,1.04233458,,,38.89346875,0.118964908,35.29593791,3.62238219,FALSE,0.262104114,TRUE,3,32,75.93492889,,,
257,K17,FALSE,s27,3,UNKNOWN,SYBR,None,AMP,1.617325355,,,31.6492056,0.994343233,35.29593791,3.62238219,FALSE,0.262104114,TRUE,3,25,77.79503632,,,
258,K18,FALSE,s27,3,UNKNOWN,SYBR,None,AMP,1.531735322,,,35.34513936,0.989880006,35.29593791,3.62238219,FALSE,0.262104114,TRUE,3,30,76.33427429,,,
259,K19,FALSE,s11,4,UNKNOWN,SYBR,None,AMP,1.469680505,,,24.25020207,0.99175287,24.18618922,0.059073852,TRUE,0.27736732,TRUE,3,19,81.11495209,,,
260,K20,FALSE,s11,4,UNKNOWN,SYBR,None,AMP,1.457199278,,,24.13377479,0.992913557,24.18618922,0.059073852,TRUE,0.27736732,TRUE,3,18,81.11495209,,,
261,K21,FALSE,s11,4,UNKNOWN,SYBR,None,AMP,1.449488298,,,24.17459079,0.993368727,24.18618922,0.059073852,TRUE,0.27736732,TRUE,3,18,81.11044312,,,
262,K22,FALSE,s27,4,UNKNOWN,SYBR,None,AMP,1.606827199,,,27.46498966,0.973833394,27.29193915,0.174683741,TRUE,0.27736732,TRUE,3,22,75.93245697,81.11044312,,
263,K23,FALSE,s27,4,UNKNOWN,SYBR,None,AMP,1.605240455,,,27.29516104,0.964990898,27.29193915,0.174683741,TRUE,0.27736732,TRUE,3,22,76.06523132,81.24320984,,
264,K24,FALSE,s27,4,UNKNOWN,SYBR,None,AMP,1.609766937,,,27.11566675,0.974964339,27.29193915,0.174683741,TRUE,0.27736732,TRUE,3,21,75.93245697,81.24320984,,
265,L1,FALSE,s12,1,UNKNOWN,SYBR,None,AMP,1.163201824,,,23.13114285,0.611703113,23.1535064,0.132528436,FALSE,0.17300691,TRUE,3,19,80.5931015,,,
266,L2,FALSE,s12,1,UNKNOWN,SYBR,None,AMP,1.116226542,,,23.03358253,0.607590347,23.1535064,0.132528436,FALSE,0.17300691,TRUE,3,18,80.72595978,,,
267,L3,FALSE,s12,1,UNKNOWN,SYBR,None,AMP,1.111005422,,,23.29579382,0.647678066,23.1535064,0.132528436,FALSE,0.17300691,TRUE,3,18,80.72595978,,,
268,L4,FALSE,s28,1,UNKNOWN,SYBR,None,NO_AMP,1.368625383,,,33.04814283,0.929011224,34.56907368,0.61336674,FALSE,0.17300691,TRUE,3,28,80.1945343,75.01316833,,
269,L5,FALSE,s28,1,UNKNOWN,SYBR,None,AMP,1.337404665,,,35.00278947,0.966538004,34.56907368,0.61336674,FALSE,0.17300691,TRUE,3,30,74.99617004,,,
270,L6,FALSE,s28,1,UNKNOWN,SYBR,None,AMP,1.425805203,,,34.1353579,0.981082764,34.56907368,0.61336674,FALSE,0.17300691,TRUE,3,28,75.12888336,,,
271,L7,FALSE,s12,2,UNKNOWN,SYBR,None,AMP,1.512025906,,,23.2881275,0.994563794,23.29222041,0.058776428,TRUE,0.188827771,TRUE,3,18,79.90632629,,,
272,L8,FALSE,s12,2,UNKNOWN,SYBR,None,AMP,1.519126847,,,23.23559742,0.995504578,23.29222041,0.058776428,TRUE,0.188827771,TRUE,3,18,79.90632629,,,
273,L9,FALSE,s12,2,UNKNOWN,SYBR,None,AMP,1.523501422,,,23.35293632,0.996426236,23.29222041,0.058776428,TRUE,0.188827771,TRUE,3,18,79.92976379,,,
274,L10,FALSE,s28,2,UNKNOWN,SYBR,None,AMP,1.102528361,,,37.81391516,0.917638846,35.32919885,3.513919509,TRUE,0.188827771,TRUE,3,33,75.27955627,,,
275,L11,FALSE,s28,2,UNKNOWN,SYBR,None,AMP,1.677224015,,,32.84448253,0.990064677,35.32919885,3.513919509,TRUE,0.188827771,TRUE,3,27,87.76869202,79.66403961,,
276,L12,FALSE,s28,2,UNKNOWN,SYBR,None,NO_AMP,1.242386885,,,36.8961789,0.945966296,35.32919885,3.513919509,TRUE,0.188827771,TRUE,3,32,75.146698,87.37010193,63.58760452,
277,L13,FALSE,s12,3,UNKNOWN,SYBR,None,AMP,1.418628388,,,20.4815156,0.880991595,20.54542781,0.100735386,FALSE,0.262104114,TRUE,3,15,78.59069824,,,
278,L14,FALSE,s12,3,UNKNOWN,SYBR,None,AMP,1.382873027,,,20.49321717,0.763313182,20.54542781,0.100735386,FALSE,0.262104114,TRUE,3,15,78.59069824,,,
279,L15,FALSE,s12,3,UNKNOWN,SYBR,None,AMP,1.364269974,,,20.66155065,0.721552294,20.54542781,0.100735386,FALSE,0.262104114,TRUE,3,15,78.72349548,,,
280,L16,FALSE,s28,3,UNKNOWN,SYBR,None,AMP,1.617816076,,,33.72420601,0.990184788,32.7019122,1.200736056,FALSE,0.262104114,TRUE,3,28,79.38743591,88.01869202,,
281,L17,FALSE,s28,3,UNKNOWN,SYBR,None,AMP,1.585941082,,,33.00190868,0.991534908,32.7019122,1.200736056,FALSE,0.262104114,TRUE,3,26,79.65419006,76.06867981,,
282,L18,FALSE,s28,3,UNKNOWN,SYBR,None,AMP,1.615855737,,,31.3796219,0.994437718,32.7019122,1.200736056,FALSE,0.262104114,TRUE,3,26,78.724617,,,
283,L19,FALSE,s12,4,UNKNOWN,SYBR,None,AMP,1.471788513,,,24.20162043,0.988578022,24.30510345,0.106586665,TRUE,0.27736732,TRUE,3,19,81.11495209,,,
284,L20,FALSE,s12,4,UNKNOWN,SYBR,None,AMP,1.453811657,,,24.29914602,0.991577864,24.30510345,0.106586665,TRUE,0.27736732,TRUE,3,17,81.11495209,,,
285,L21,FALSE,s12,4,UNKNOWN,SYBR,None,AMP,1.443389792,,,24.41454388,0.992747773,24.30510345,0.106586665,TRUE,0.27736732,TRUE,3,18,81.11044312,,,
286,L22,FALSE,s28,4,UNKNOWN,SYBR,None,AMP,1.603454209,,,27.26388216,0.963855364,27.20710528,0.134213846,TRUE,0.27736732,TRUE,3,21,75.79969025,81.24320984,,
287,L23,FALSE,s28,4,UNKNOWN,SYBR,None,AMP,1.611204557,,,27.05383431,0.963154207,27.20710528,0.134213846,TRUE,0.27736732,TRUE,3,21,75.93245697,81.24320984,,
288,L24,FALSE,s28,4,UNKNOWN,SYBR,None,AMP,1.601805532,,,27.30359936,0.962981549,27.20710528,0.134213846,TRUE,0.27736732,TRUE,3,22,76.06523132,81.37597656,,
289,M1,FALSE,s13,1,UNKNOWN,SYBR,None,AMP,1.131610203,,,23.03460042,0.527778218,23.16540164,0.183122488,FALSE,0.17300691,TRUE,3,18,80.72595978,,,
290,M2,FALSE,s13,1,UNKNOWN,SYBR,None,AMP,1.142240977,,,23.08691991,0.628835117,23.16540164,0.183122488,FALSE,0.17300691,TRUE,3,18,80.72595978,,,
291,M3,FALSE,s13,1,UNKNOWN,SYBR,None,AMP,1.109321093,,,23.37468458,0.590319799,23.16540164,0.183122488,FALSE,0.17300691,TRUE,3,18,80.85881042,,,
292,M4,FALSE,s29,1,UNKNOWN,SYBR,None,AMP,1.437201069,,,33.35365662,0.932047817,33.95276845,0.602585281,FALSE,0.17300691,TRUE,3,29,76.87315369,,,
293,M5,FALSE,s29,1,UNKNOWN,SYBR,None,AMP,1.340341621,,,33.94588058,0.981738803,33.95276845,0.602585281,FALSE,0.17300691,TRUE,3,29,74.86346436,87.33790588,,
294,M6,FALSE,s29,1,UNKNOWN,SYBR,None,AMP,1.395840333,,,34.55876814,0.919093522,33.95276845,0.602585281,FALSE,0.17300691,TRUE,3,29,74.86346436,,,
295,M7,FALSE,s13,2,UNKNOWN,SYBR,None,AMP,1.49976591,,,23.49770549,0.995608726,23.46830186,0.106766394,TRUE,0.188827771,TRUE,3,18,80.03903198,,,
296,M8,FALSE,s13,2,UNKNOWN,SYBR,None,AMP,1.510177234,,,23.5572853,0.992176837,23.46830186,0.106766394,TRUE,0.188827771,TRUE,3,19,79.90632629,,,
297,M9,FALSE,s13,2,UNKNOWN,SYBR,None,AMP,1.514101793,,,23.34991478,0.995088167,23.46830186,0.106766394,TRUE,0.188827771,TRUE,3,17,79.92976379,,,
298,M10,FALSE,s29,2,UNKNOWN,SYBR,None,NO_AMP,0,,,UNDETERMINED,0,,,TRUE,0.188827771,TRUE,3,39,79.66403961,90.82453918,68.76926422,87.76869202
299,M11,FALSE,s29,2,UNKNOWN,SYBR,None,NO_AMP,0,,,UNDETERMINED,0,,,TRUE,0.188827771,TRUE,3,39,79.13258362,90.16022491,86.70578766,92.9503479
300,M12,FALSE,s29,2,UNKNOWN,SYBR,None,AMP,1.388827721,,,35.54759747,0.978486074,35.54759747,,TRUE,0.188827771,TRUE,3,29,75.146698,,,
301,M13,FALSE,s13,3,UNKNOWN,SYBR,None,AMP,1.415265565,,,20.57027194,0.842806753,20.8270318,0.222468929,FALSE,0.262104114,TRUE,3,15,78.72349548,,,
302,M14,FALSE,s13,3,UNKNOWN,SYBR,None,AMP,1.349763034,,,20.96235487,0.69936212,20.8270318,0.222468929,FALSE,0.262104114,TRUE,3,15,78.72349548,,,
303,M15,FALSE,s13,3,UNKNOWN,SYBR,None,AMP,1.33851731,,,20.94846858,0.690325899,20.8270318,0.222468929,FALSE,0.262104114,TRUE,3,16,78.59069824,,,
304,M16,FALSE,s29,3,UNKNOWN,SYBR,None,AMP,1.617711358,,,31.94434662,0.993362119,33.03510275,2.38658549,FALSE,0.262104114,TRUE,3,26,78.59069824,,,
305,M17,FALSE,s29,3,UNKNOWN,SYBR,None,AMP,1.621031474,,,31.38879685,0.994295719,33.03510275,2.38658549,FALSE,0.262104114,TRUE,3,25,78.85740662,,,
306,M18,FALSE,s29,3,UNKNOWN,SYBR,None,INCONCLUSIVE,1.467098768,,,35.77216478,0.991304449,33.03510275,2.38658549,FALSE,0.262104114,TRUE,3,30,81.91172791,,,
307,M19,FALSE,s13,4,UNKNOWN,SYBR,None,AMP,1.469882856,,,24.55194564,0.992686382,24.60528722,0.065065888,TRUE,0.27736732,TRUE,3,19,81.24774933,,,
308,M20,FALSE,s13,4,UNKNOWN,SYBR,None,AMP,1.452633382,,,24.67777915,0.994607628,24.60528722,0.065065888,TRUE,0.27736732,TRUE,3,20,81.24774933,,,
309,M21,FALSE,s13,4,UNKNOWN,SYBR,None,AMP,1.443750093,,,24.58613687,0.992183672,24.60528722,0.065065888,TRUE,0.27736732,TRUE,3,18,81.24320984,,,
310,M22,FALSE,s29,4,UNKNOWN,SYBR,None,AMP,1.598376541,,,27.27823642,0.970787172,27.23199046,0.05785686,TRUE,0.27736732,TRUE,3,21,76.06523132,81.37597656,,
311,M23,FALSE,s29,4,UNKNOWN,SYBR,None,AMP,1.597302793,,,27.25062151,0.943916223,27.23199046,0.05785686,TRUE,0.27736732,TRUE,3,22,75.93245697,81.37597656,,
312,M24,FALSE,s29,4,UNKNOWN,SYBR,None,AMP,1.607147942,,,27.16711344,0.955472325,27.23199046,0.05785686,TRUE,0.27736732,TRUE,3,22,76.19799805,81.50875092,,
313,N1,FALSE,s14,1,UNKNOWN,SYBR,None,AMP,1.161731077,,,22.65147248,0.544585298,22.80743265,0.17802252,FALSE,0.17300691,TRUE,3,19,80.72595978,,,
314,N2,FALSE,s14,1,UNKNOWN,SYBR,None,AMP,1.130927827,,,22.76944147,0.56483149,22.80743265,0.17802252,FALSE,0.17300691,TRUE,3,17,80.72595978,,,
315,N3,FALSE,s14,1,UNKNOWN,SYBR,None,AMP,1.136225466,,,23.00138401,0.60440044,22.80743265,0.17802252,FALSE,0.17300691,TRUE,3,17,80.72595978,,,
316,N4,FALSE,s30,1,UNKNOWN,SYBR,None,AMP,1.42104789,,,33.81642366,0.93032994,34.39534003,0.818711384,FALSE,0.17300691,TRUE,3,30,74.88031769,,,
317,N5,FALSE,s30,1,UNKNOWN,SYBR,None,NO_AMP,1.028398405,,,38.68782222,0.376324306,34.39534003,0.818711384,FALSE,0.17300691,TRUE,3,32,74.99617004,,,
318,N6,FALSE,s30,1,UNKNOWN,SYBR,None,AMP,1.368815792,,,34.9742564,0.987791251,34.39534003,0.818711384,FALSE,0.17300691,TRUE,3,29,74.86346436,,,
319,N7,FALSE,s14,2,UNKNOWN,SYBR,None,AMP,1.513070943,,,23.21735769,0.990192495,23.18168535,0.0817086,TRUE,0.188827771,TRUE,3,19,79.90632629,,,
320,N8,FALSE,s14,2,UNKNOWN,SYBR,None,AMP,1.514633672,,,23.08820589,0.991298553,23.18168535,0.0817086,TRUE,0.188827771,TRUE,3,17,79.90632629,,,
321,N9,FALSE,s14,2,UNKNOWN,SYBR,None,AMP,1.524793233,,,23.23949249,0.991928161,23.18168535,0.0817086,TRUE,0.188827771,TRUE,3,18,79.92976379,,,
322,N10,FALSE,s30,2,UNKNOWN,SYBR,None,AMP,1.655083151,,,32.24075497,0.99051226,34.87748634,2.321062128,TRUE,0.188827771,TRUE,3,27,80.19549561,,,
323,N11,FALSE,s30,2,UNKNOWN,SYBR,None,INCONCLUSIVE,1.385418088,,,35.779841,0.975580863,34.87748634,2.321062128,TRUE,0.188827771,TRUE,3,31,76.74105072,,,
324,N12,FALSE,s30,2,UNKNOWN,SYBR,None,INCONCLUSIVE,1.258980018,,,36.61186304,0.954938402,34.87748634,2.321062128,TRUE,0.188827771,TRUE,3,31,79.39831543,,,
325,N13,FALSE,s14,3,UNKNOWN,SYBR,None,AMP,1.418467693,,,20.01417262,0.867819762,20.38441636,0.324122758,FALSE,0.262104114,TRUE,3,14,78.59069824,,,
326,N14,FALSE,s14,3,UNKNOWN,SYBR,None,AMP,1.341978554,,,20.52215427,0.687498917,20.38441636,0.324122758,FALSE,0.262104114,TRUE,3,14,78.72349548,,,
327,N15,FALSE,s14,3,UNKNOWN,SYBR,None,AMP,1.320955208,,,20.6169222,0.667851913,20.38441636,0.324122758,FALSE,0.262104114,TRUE,3,14,78.59069824,,,
328,N16,FALSE,s30,3,UNKNOWN,SYBR,None,AMP,1.594893125,,,31.37152768,0.990977937,32.69584819,2.216942214,FALSE,0.262104114,TRUE,3,25,78.72349548,73.54473877,,
329,N17,FALSE,s30,3,UNKNOWN,SYBR,None,AMP,1.628302363,,,31.46078305,0.993190248,32.69584819,2.216942214,FALSE,0.262104114,TRUE,3,27,78.724617,,,
330,N18,FALSE,s30,3,UNKNOWN,SYBR,None,AMP,1.531240974,,,35.25523383,0.987350229,32.69584819,2.216942214,FALSE,0.262104114,TRUE,3,29,79.38859558,76.20147705,,
331,N19,FALSE,s14,4,UNKNOWN,SYBR,None,AMP,1.484654007,,,24.22703572,0.994064541,24.23387566,0.068053831,TRUE,0.27736732,TRUE,3,18,81.11495209,,,
332,N20,FALSE,s14,4,UNKNOWN,SYBR,None,AMP,1.473499089,,,24.16950008,0.988579099,24.23387566,0.068053831,TRUE,0.27736732,TRUE,3,19,81.24774933,,,
333,N21,FALSE,s14,4,UNKNOWN,SYBR,None,AMP,1.462879783,,,24.30509117,0.985691301,24.23387566,0.068053831,TRUE,0.27736732,TRUE,3,19,81.24320984,,,
334,N22,FALSE,s30,4,UNKNOWN,SYBR,None,AMP,1.592931905,,,27.46955561,0.939210516,27.40017578,0.125764432,TRUE,0.27736732,TRUE,3,22,76.06523132,81.37597656,,
335,N23,FALSE,s30,4,UNKNOWN,SYBR,None,AMP,1.58719209,,,27.25500274,0.946584913,27.40017578,0.125764432,TRUE,0.27736732,TRUE,3,22,76.06523132,81.50875092,,
336,N24,FALSE,s30,4,UNKNOWN,SYBR,None,AMP,1.548404979,,,27.47596899,0.924788993,27.40017578,0.125764432,TRUE,0.27736732,TRUE,3,22,76.19799805,81.50875092,,
337,O1,FALSE,s15,1,UNKNOWN,SYBR,None,AMP,1.159548372,,,22.79719763,0.58345527,22.84654002,0.089336172,FALSE,0.17300691,TRUE,3,18,80.5931015,,,
338,O2,FALSE,s15,1,UNKNOWN,SYBR,None,AMP,1.162518817,,,22.94966469,0.608647659,22.84654002,0.089336172,FALSE,0.17300691,TRUE,3,18,80.72595978,,,
339,O3,FALSE,s15,1,UNKNOWN,SYBR,None,AMP,1.175583655,,,22.79275775,0.649385556,22.84654002,0.089336172,FALSE,0.17300691,TRUE,3,18,80.5931015,,,
340,O4,FALSE,s31,1,UNKNOWN,SYBR,None,AMP,1.429262352,,,34.53923635,0.975155505,34.554232,0.603856971,FALSE,0.17300691,TRUE,3,30,74.74745941,,,
341,O5,FALSE,s31,1,UNKNOWN,SYBR,None,AMP,1.428969836,,,33.95801252,0.982301329,34.554232,0.603856971,FALSE,0.17300691,TRUE,3,29,74.86346436,,,
342,O6,FALSE,s31,1,UNKNOWN,SYBR,None,AMP,1.406569733,,,35.16544714,0.975688666,34.554232,0.603856971,FALSE,0.17300691,TRUE,3,29,75.12888336,,,
343,O7,FALSE,s15,2,UNKNOWN,SYBR,None,AMP,1.516391155,,,23.49623169,0.995263605,23.60611835,0.100823167,TRUE,0.188827771,TRUE,3,18,79.90632629,,,
344,O8,FALSE,s15,2,UNKNOWN,SYBR,None,AMP,1.519668854,,,23.62775996,0.995079345,23.60611835,0.100823167,TRUE,0.188827771,TRUE,3,18,79.90632629,,,
345,O9,FALSE,s15,2,UNKNOWN,SYBR,None,AMP,1.52373372,,,23.69436338,0.994761269,23.60611835,0.100823167,TRUE,0.188827771,TRUE,3,17,79.92976379,,,
346,O10,FALSE,s31,2,UNKNOWN,SYBR,None,AMP,1.456590332,,,35.15460216,0.98726832,35.42538932,2.450464111,TRUE,0.188827771,TRUE,3,29,75.67814636,,,
347,O11,FALSE,s31,2,UNKNOWN,SYBR,None,AMP,1.64966851,,,33.12156579,0.991210996,35.42538932,2.450464111,TRUE,0.188827771,TRUE,3,28,75.146698,,,
348,O12,FALSE,s31,2,UNKNOWN,SYBR,None,AMP,1.058834489,,,38,0.877592789,35.42538932,2.450464111,TRUE,0.188827771,TRUE,3,31,75.01383209,87.10437012,,
349,O13,FALSE,s15,3,UNKNOWN,SYBR,None,AMP,1.433454154,,,20.5842754,0.929504099,20.42085733,0.14518901,FALSE,0.262104114,TRUE,3,15,78.59069824,,,
350,O14,FALSE,s15,3,UNKNOWN,SYBR,None,AMP,1.391025178,,,20.30673305,0.831288088,20.42085733,0.14518901,FALSE,0.262104114,TRUE,3,15,78.59069824,,,
351,O15,FALSE,s15,3,UNKNOWN,SYBR,None,AMP,1.374819221,,,20.37156352,0.794140381,20.42085733,0.14518901,FALSE,0.262104114,TRUE,3,13,78.59069824,,,
352,O16,FALSE,s31,3,UNKNOWN,SYBR,None,AMP,1.556273727,,,34.86602034,0.992610867,35.34806344,0.84233625,FALSE,0.262104114,TRUE,3,29,79.38743591,,,
353,O17,FALSE,s31,3,UNKNOWN,SYBR,None,AMP,1.326158754,,,36.32069704,0.980493844,35.34806344,0.84233625,FALSE,0.262104114,TRUE,3,30,74.47512817,64.6481781,,
354,O18,FALSE,s31,3,UNKNOWN,SYBR,None,AMP,1.550051619,,,34.85747294,0.991687225,35.34806344,0.84233625,FALSE,0.262104114,TRUE,3,29,80.05258179,,,
355,O19,FALSE,s15,4,UNKNOWN,SYBR,None,AMP,1.47977119,,,24.38178602,0.99202681,24.39320537,0.086906822,TRUE,0.27736732,TRUE,3,18,81.11495209,,,
356,O20,FALSE,s15,4,UNKNOWN,SYBR,None,AMP,1.485307542,,,24.48525735,0.991933936,24.39320537,0.086906822,TRUE,0.27736732,TRUE,3,18,80.98215485,,,
357,O21,FALSE,s15,4,UNKNOWN,SYBR,None,AMP,1.475962585,,,24.31257273,0.990565895,24.39320537,0.086906822,TRUE,0.27736732,TRUE,3,18,81.11044312,,,
358,O22,FALSE,s31,4,UNKNOWN,SYBR,None,AMP,1.586815138,,,27.31332062,0.943423289,27.52166334,0.470548216,TRUE,0.27736732,TRUE,3,21,76.06523132,81.37597656,,
359,O23,FALSE,s31,4,UNKNOWN,SYBR,None,AMP,1.611108605,,,27.19125374,0.958383001,27.52166334,0.470548216,TRUE,0.27736732,TRUE,3,22,76.06523132,81.24320984,,
360,O24,FALSE,s31,4,UNKNOWN,SYBR,None,AMP,1.562295633,,,28.06041565,0.919521341,27.52166334,0.470548216,TRUE,0.27736732,TRUE,3,23,76.19799805,81.50875092,,
361,P1,FALSE,s16,1,UNKNOWN,SYBR,None,NO_AMP,0,,,UNDETERMINED,0,,,FALSE,0.17300691,TRUE,3,39,80.32739258,70.62893677,92.68295288,69.30038452
362,P2,FALSE,s16,1,UNKNOWN,SYBR,None,AMP,1.188300515,,,34.97487204,0.890187991,34.97487204,,FALSE,0.17300691,TRUE,3,29,74.34889221,81.12452698,,
363,P3,FALSE,s16,1,UNKNOWN,SYBR,None,NO_AMP,0.406836861,,,UNDETERMINED,0,,,FALSE,0.17300691,TRUE,3,39,79.53025818,67.57326508,89.36157227,86.17303467
364,P4,FALSE,s32,1,UNKNOWN,SYBR,None,NO_AMP,0,,,UNDETERMINED,0,,,FALSE,0.17300691,TRUE,3,39,72.22320557,75.54459381,83.91448975,79.92882538
365,P5,FALSE,s32,1,UNKNOWN,SYBR,None,AMP,1.08513672,,,36.61982628,0.909263391,36.61982628,,FALSE,0.17300691,TRUE,3,31,74.86346436,79.90632629,,
366,P6,FALSE,s32,1,UNKNOWN,SYBR,None,NO_AMP,0,,,UNDETERMINED,0,,,FALSE,0.17300691,TRUE,3,39,79.24279022,85.48001099,82.29505157,69.68789673
367,P7,FALSE,s16,2,UNKNOWN,SYBR,None,NO_AMP,0,,,UNDETERMINED,0,,,TRUE,0.188827771,TRUE,3,39,80.17173767,86.14354706,69.82061005,93.84054565
368,P8,FALSE,s16,2,UNKNOWN,SYBR,None,NO_AMP,0,,,UNDETERMINED,0,,,TRUE,0.188827771,TRUE,3,39,80.30444336,88.66497803,84.81648254,77.51760101
369,P9,FALSE,s16,2,UNKNOWN,SYBR,None,NO_AMP,0,,,UNDETERMINED,0,,,TRUE,0.188827771,TRUE,3,39,86.17433167,80.72694397,75.27955627,89.23017883
370,P10,FALSE,s32,2,UNKNOWN,SYBR,None,NO_AMP,0,,,UNDETERMINED,0,,,TRUE,0.188827771,TRUE,3,39,83.64993286,80.0626297,74.615242,86.30719757
371,P11,FALSE,s32,2,UNKNOWN,SYBR,None,NO_AMP,0,,,UNDETERMINED,0,,,TRUE,0.188827771,TRUE,3,39,81.65699005,87.10437012,89.36305237,93.34893799
372,P12,FALSE,s32,2,UNKNOWN,SYBR,None,NO_AMP,0,,,UNDETERMINED,0,,,TRUE,0.188827771,TRUE,3,39,91.75457764,84.04852295,73.15374756,79.79690552
373,P13,FALSE,s16,3,UNKNOWN,SYBR,None,NO_AMP,0,,,UNDETERMINED,0,,,FALSE,0.262104114,TRUE,3,39,80.58253479,76.06771851,86.69080353,89.74494934
374,P14,FALSE,s16,3,UNKNOWN,SYBR,None,NO_AMP,0,,,UNDETERMINED,0,,,FALSE,0.262104114,TRUE,3,39,79.91858673,75.27098846,85.23013306,88.54985046
375,P15,FALSE,s16,3,UNKNOWN,SYBR,None,NO_AMP,0,,,UNDETERMINED,0,,,FALSE,0.262104114,TRUE,3,39,80.18416595,86.0268631,93.06465912,89.6121521
376,P16,FALSE,s32,3,UNKNOWN,SYBR,None,NO_AMP,0.451132484,,,UNDETERMINED,0,,,FALSE,0.262104114,TRUE,3,39,81.91041565,89.21379089,84.96455383,67.96761322
377,P17,FALSE,s32,3,UNKNOWN,SYBR,None,NO_AMP,0,,,UNDETERMINED,0,,,FALSE,0.262104114,TRUE,3,39,89.3483429,64.91377258,83.5052948,78.0606308
378,P18,FALSE,s32,3,UNKNOWN,SYBR,None,NO_AMP,0,,,UNDETERMINED,0,,,FALSE,0.262104114,TRUE,3,39,89.08274841,81.11495209,85.89562988,76.06867981
379,P19,FALSE,s16,4,UNKNOWN,SYBR,None,AMP,1.464268641,,,27.62915811,0.989676671,28.08936785,0.543603356,TRUE,0.27736732,TRUE,3,22,81.24774933,75.53749847,,
380,P20,FALSE,s16,4,UNKNOWN,SYBR,None,AMP,1.473962764,,,27.94979739,0.991608806,28.08936785,0.543603356,TRUE,0.27736732,TRUE,3,23,81.24774933,75.67029572,,
381,P21,FALSE,s16,4,UNKNOWN,SYBR,None,AMP,1.444456488,,,28.68914806,0.991690451,28.08936785,0.543603356,TRUE,0.27736732,TRUE,3,23,81.24320984,75.53414917,,
382,P22,FALSE,s32,4,UNKNOWN,SYBR,None,NO_AMP,0,,,UNDETERMINED,0,,,TRUE,0.27736732,TRUE,3,39,92.52856445,70.48893738,75.93245697,89.20934296
383,P23,FALSE,s32,4,UNKNOWN,SYBR,None,AMP,1.481143611,,,27.68539267,0.98114417,28.10874333,0.598708255,TRUE,0.27736732,TRUE,3,22,81.24320984,75.53414917,,
384,P24,FALSE,s32,4,UNKNOWN,SYBR,None,AMP,1.400841816,,,28.532094,0.925171125,28.10874333,0.598708255,TRUE,0.27736732,TRUE,3,24,81.37597656,,,